{
  "offset": 1,
  "orig_message_ts": 1707857566.83139,
  "received_p99": 1707857569.83139
}
